product name,url,image url,price,mrp,discount,brand
Men Gel Galaxy 8B Run Shoes,https://myntr.it/zfdY8nP,https://assets.myntassets.com/dpr_2q_60w_210c_limitfl_progressive/assets/images/15117650/2022/7/11/5b71a49f-933b-4ffc-babf-b1852a9cfc5b1657528627866-ASICS-Men-Black--Red-Woven-Design-Gel-Galaxy-8B-Running-Shoe-1.jpg,,,,Myntra
Men FLEXC Running Shoes,https://myntr.it/xhfXeVj,https://assets.myntassets.com/dpr_2q_60w_210c_limitfl_progressive/assets/images/15364302/2021/10/27/ecf006af-c374-4aa3-88cf-6480b6c9755f1635319186741-FLEXC-8961635319186219-1.jpg,3354,5499,39%,Myntra
Men Flexc Running Shoes,https://myntr.it/evVahTm,https://assets.myntassets.com/dpr_2q_60w_210c_limitfl_progressive/assets/images/15364304/2021/9/22/87a4f9ef-1945-4f21-be8e-208fb92d1e391632287449904-FLEXC-9151632287449732-1.jpg,2749,5499,50%,Myntra
Men Gel-Phoenix 7B Run Shoes,https://myntr.it/HyyB1WR,https://assets.myntassets.com/dpr_2q_60w_210c_limitfl_progressive/assets/images/18789514/2023/2/15/68a01f44-cf47-406f-869e-b0c42d47db321676456800029-ASICS-Men-Black--White-Woven-Design-Gel-Phoenix-7B-Running-S-1.jpg,2804,5499,49%,Myntra
Men Gel-Courtmov Badminton,https://myntr.it/011na8x,https://assets.myntassets.com/dpr_2q_60w_210c_limitfl_progressive/assets/images/18789594/2022/11/3/074a440b-1b87-427c-99db-06cc9dfcb2091667475753551-ASICS-Men-White--Red-Perforated-Gel-Courtmov-Badminton-Shoes-1.jpg,3904,5499,29%,Myntra
Men Gel-Contend 5B Run Shoes,https://myntr.it/sffIexA,https://assets.myntassets.com/dpr_2q_60w_210c_limitfl_progressive/assets/images/18789602/2023/2/15/2b74125e-4d0d-418f-9296-2d06e0c012231676460608033-ASICS-Men-Blue--Red-Woven-Design-Gel-Contend-5B-Running-Shoe-1.jpg,2161,4699,54%,Myntra
Men Gel-Asro Running Shoes,https://myntr.it/z6iNnNt,https://assets.myntassets.com/dpr_2q_60w_210c_limitfl_progressive/assets/images/18789632/2023/4/17/ef1df470-c01f-4c75-aae9-8792fd36230c1681720695812-ASICS-Men-Sports-Shoes-8611681720695460-1.jpg,3629,5499,34%,Myntra
Versablast 3 Sports Shoes,https://myntr.it/7ABprX3,https://assets.myntassets.com/dpr_2q_60w_210c_limitfl_progressive/assets/images/2024/JULY/24/jgjZUCyD_115b44278b934da69a6dfa0a146c920a.jpg,5599,6999,20%,Myntra
Versablast 3 Men Sports Shoes,https://myntr.it/ht63zMi,https://assets.myntassets.com/dpr_2q_60w_210c_limitfl_progressive/assets/images/2024/JULY/24/W1l34ngK_45b6c265243f4a9eaa4c96b45becbbcd.jpg,5599,6999,20%,Myntra
Evoride Speed 2 Sports Shoes,https://myntr.it/zlS8doo,https://assets.myntassets.com/dpr_2q_60w_210c_limitfl_progressive/assets/images/2024/JULY/24/Z5bLFbnR_0fcb2239a6b145639418d75ae4b249a1.jpg,,,,Myntra
GT-1000 13 Men Sports Shoes,https://myntr.it/L77JebS,https://assets.myntassets.com/dpr_2q_60w_210c_limitfl_progressive/assets/images/2024/JULY/25/fZUmZdZJ_c24c9c82f80342b29968a6e0bf401d9b.jpg,7999,9999,20%,Myntra
GT-2000 13 Men Sports Shoes,https://myntr.it/6UnSvAY,https://assets.myntassets.com/dpr_2q_60w_210c_limitfl_progressive/assets/images/2024/JULY/25/VCQ4Kyf5_15dac21561f14e9cb8a3e8f07de0f0a0.jpg,9359,12999,28%,Myntra
Men Gel-Courtmov Shoes,https://myntr.it/bj94A8P,https://assets.myntassets.com/dpr_2q_60w_210c_limitfl_progressive/assets/images/2025/AUGUST/13/5ng2EIzG_f5fec58429b6479ba7e7a082ed99f504.jpg,5109,6999,27%,Myntra
Men Hyper Speed 5 Run Shoes,https://myntr.it/pigs6Vu,https://assets.myntassets.com/dpr_2q_60w_210c_limitfl_progressive/assets/images/2025/AUGUST/20/c35eSJnu_be4ac237741840ff8fc85fe6cdb2749f.jpg,6479,8999,28%,Myntra
Men Courtmov Badminton Shoes,https://myntr.it/0yttnez,https://assets.myntassets.com/dpr_2q_60w_210c_limitfl_progressive/assets/images/2025/AUGUST/20/DcUC31nS_f97347cf68294f699b7dbe6a17bef09f.jpg,5249,6999,25%,Myntra
Women Hyper Speed Run Shoes,https://myntr.it/ExF5PM5,https://assets.myntassets.com/dpr_2q_60w_210c_limitfl_progressive/assets/images/2025/AUGUST/20/fc0aCvle_d755a34823904681a246a45f44760772.jpg,6479,8999,28%,Myntra
Men Trail Scout 3 Run Shoes,https://myntr.it/stwy3Hf,https://assets.myntassets.com/dpr_2q_60w_210c_limitfl_progressive/assets/images/2025/AUGUST/20/GleS1GV3_f627d2d7ffe24d2686dc24f3819dc647.jpg,3904,5499,29%,Myntra
COURT FF 3 NOVAK Tennis Shoes,https://myntr.it/d6lmn4Z,https://assets.myntassets.com/dpr_2q_60w_210c_limitfl_progressive/assets/images/2025/AUGUST/30/eadETruv_54c4b3550cff45c9aa7a881ca71d202c.jpg,,,,Myntra
Gel-Resolution X Men Shoes,https://myntr.it/mez8Yoj,https://assets.myntassets.com/dpr_2q_60w_210c_limitfl_progressive/assets/images/2025/AUGUST/30/OyYEhWMT_8233fbc2107b463da07f8ae11a36b76e.jpg,,,,Myntra
Men PATRIOT 14 Sports Shoes,https://myntr.it/jszIdxR,https://assets.myntassets.com/dpr_2q_60w_210c_limitfl_progressive/assets/images/2025/DECEMBER/15/9WKsQkn6_baadbd84cd4f41e3b73c1b7b71ff6546.jpg,,,,Myntra
Men PATRIOT 14 Sports Shoes,https://myntr.it/eIPv7x5,https://assets.myntassets.com/dpr_2q_60w_210c_limitfl_progressive/assets/images/2025/DECEMBER/15/b06MGe2p_fb75a234621d4a578d9c63adf6513b05.jpg,,,,Myntra
Men GEL-CONTEND 9 Sports Shoes,https://myntr.it/am8ehl0,https://assets.myntassets.com/dpr_2q_60w_210c_limitfl_progressive/assets/images/2025/DECEMBER/15/hYOSjULV_6d2b877f3e474861abba03afdd9cb7f7.jpg,,,,Myntra
Men GEL-EXCITE 11 Sports Shoes,https://myntr.it/8k1W3cm,https://assets.myntassets.com/dpr_2q_60w_210c_limitfl_progressive/assets/images/2025/DECEMBER/15/OpFjNzFi_1569972dda2149bb908656e766f64dff.jpg,,,,Myntra
Men GEL-CONTEND 9 Sports Shoes,https://myntr.it/Tnu55A2,https://assets.myntassets.com/dpr_2q_60w_210c_limitfl_progressive/assets/images/2025/DECEMBER/15/v8wf4Rhe_0428d0339e754501b2b422548a978c4d.jpg,,,,Myntra
Men Trail Scout 3 Running,https://myntr.it/2Vh2utz,https://assets.myntassets.com/dpr_2q_60w_210c_limitfl_progressive/assets/images/2025/DECEMBER/29/8LOwsxF1_7e4a284696fb4ab5a576b523bf9a42d4.jpg,4069,5499,26%,Myntra
GEL-RENMA 2 Sports Shoes,https://myntr.it/zgi6YW1,https://assets.myntassets.com/dpr_2q_60w_210c_limitfl_progressive/assets/images/2025/DECEMBER/4/26YSU6Tg_3c0f9b6a57db45c5a9a7b8fb1b29dd5f.jpg,,,,Myntra
GEL-QUANTUM KEI Sneakers,https://myntr.it/5Hcm8Sg,https://assets.myntassets.com/dpr_2q_60w_210c_limitfl_progressive/assets/images/2025/DECEMBER/4/6g5hx18X_00c583d0fe5f4dc0962a7fd4a5e1cb89.jpg,,,,Myntra
NOVABLAST 5 Sports Shoes,https://myntr.it/88giPKo,https://assets.myntassets.com/dpr_2q_60w_210c_limitfl_progressive/assets/images/2025/DECEMBER/4/6vWHjDoo_41bd652c566c4c1fb1eb1b43616de7e9.jpg,,,,Myntra
GEL-NYC 2055 Shoes,https://myntr.it/qVo26fv,https://assets.myntassets.com/dpr_2q_60w_210c_limitfl_progressive/assets/images/2025/DECEMBER/4/9wZZS5Ju_9c7de9c20a0c4abe8a9eb62b7c72bd4f.jpg,,,,Myntra
Megablast Running Shoe,https://myntr.it/gl8Q8OW,https://assets.myntassets.com/dpr_2q_60w_210c_limitfl_progressive/assets/images/2025/DECEMBER/4/aZ4P1V91_85b15ed872464377bd97b89e75bcc306.jpg,,,,Myntra
GEL-KAYANO 32 Sports Shoes,https://myntr.it/Dk9Mcmt,https://assets.myntassets.com/dpr_2q_60w_210c_limitfl_progressive/assets/images/2025/DECEMBER/4/bpW6WWYC_6c3d6823dbb54dcfac04c2a78217148a.jpg,,,,Myntra
GEL?DS Trainer 14 Sports Shoes,https://myntr.it/6fmM36n,https://assets.myntassets.com/dpr_2q_60w_210c_limitfl_progressive/assets/images/2025/DECEMBER/4/bZOilNzS_488e4aaef74b4224ad8b2d657920e240.jpg,,,,Myntra
GEL-CHALLENGER 15 Sports Shoes,https://myntr.it/IipMqu7,https://assets.myntassets.com/dpr_2q_60w_210c_limitfl_progressive/assets/images/2025/DECEMBER/4/cutFr2uX_ff87570c74fa42b8a20d461ff109eb33.jpg,,,,Myntra
Unisex Running Shoes,https://myntr.it/bC1pT2A,https://assets.myntassets.com/dpr_2q_60w_210c_limitfl_progressive/assets/images/2025/DECEMBER/4/dZqg1yXH_83d2d4b7a6e84820aca18e308878fb12.jpg,,,,Myntra
GEL-QUANTUM 360I Running Shoes,https://myntr.it/YXLGrQI,https://assets.myntassets.com/dpr_2q_60w_210c_limitfl_progressive/assets/images/2025/DECEMBER/4/efqrQBMp_5cc3725c7b1f44c896ec864997d86b03.jpg,,,,Myntra
GEL-KAYANO 32 Sports Shoes,https://myntr.it/rEBVY4u,https://assets.myntassets.com/dpr_2q_60w_210c_limitfl_progressive/assets/images/2025/DECEMBER/4/fEIEZM3J_dbe562bb794b4745a5afab0a478b84e8.jpg,,,,Myntra
Unisex Running Shoes,https://myntr.it/myodsx8,https://assets.myntassets.com/dpr_2q_60w_210c_limitfl_progressive/assets/images/2025/DECEMBER/4/fJcvFx2S_5195ab2401764a149512658fc0b672d4.jpg,5999,7999,25%,Myntra
GEL-TASK 4 Sports Shoes,https://myntr.it/W0ZWtj8,https://assets.myntassets.com/dpr_2q_60w_210c_limitfl_progressive/assets/images/2025/DECEMBER/4/fnHuSRBd_21fc588812c94d35b664fc9acea23e40.jpg,7599,9999,24%,Myntra
SKYHAND OG Sneakers,https://myntr.it/SBUb9r0,https://assets.myntassets.com/dpr_2q_60w_210c_limitfl_progressive/assets/images/2025/DECEMBER/4/FqwpqAGc_a11156389bac4fa2bc25bb7fec6c4dbb.jpg,,,,Myntra
MAGIC SPEED 5 Sports Shoes,https://myntr.it/kxPGcX7,https://assets.myntassets.com/dpr_2q_60w_210c_limitfl_progressive/assets/images/2025/DECEMBER/4/gpOCcspL_868b78b1aa5d49eb85330ceae2ba7570.jpg,,,,Myntra
GEL-QUANTUM 360 I Sneakers,https://myntr.it/MUlo63f,https://assets.myntassets.com/dpr_2q_60w_210c_limitfl_progressive/assets/images/2025/DECEMBER/4/hEeDeS2N_db2955ebcd884a4c928d217a41ea4095.jpg,,,,Myntra
GEL-NYC Running Shoes,https://myntr.it/Fx1AAeJ,https://assets.myntassets.com/dpr_2q_60w_210c_limitfl_progressive/assets/images/2025/DECEMBER/4/HU3lWQrl_6060ce44bb0d4c58b0b4bcdac3a4cfa6.jpg,,,,Myntra
Unisex Running Shoes,https://myntr.it/c5kVBX4,https://assets.myntassets.com/dpr_2q_60w_210c_limitfl_progressive/assets/images/2025/DECEMBER/4/IeFPpYHh_02e92a29577d4609a8e6063ad297f2ab.jpg,,,,Myntra
GEL-RESOLUTION X Sports Shoes,https://myntr.it/Lb5L5b7,https://assets.myntassets.com/dpr_2q_60w_210c_limitfl_progressive/assets/images/2025/DECEMBER/4/inrWGPvB_0a08aef97e6e47429e6db497a5cdfb79.jpg,,,,Myntra
Unisex Running Shoes,https://myntr.it/gXI23Qb,https://assets.myntassets.com/dpr_2q_60w_210c_limitfl_progressive/assets/images/2025/DECEMBER/4/ixht3KFA_ac5f5c8622314a8aadcf45c7267f1b1b.jpg,5999,7999,25%,Myntra
TRABUCO MAX 5 Sports Shoes,https://myntr.it/EQi46EL,https://assets.myntassets.com/dpr_2q_60w_210c_limitfl_progressive/assets/images/2025/DECEMBER/4/iyVJvMq8_1ff52878e9ba4d49a03005973a7173c0.jpg,11999,15999,25%,Myntra
TRABUCO 14 Sports Shoes,https://myntr.it/nbSD7Do,https://assets.myntassets.com/dpr_2q_60w_210c_limitfl_progressive/assets/images/2025/DECEMBER/4/leFvpwAc_0d7f03aca6ed448aa9fd0327d5e50a3c.jpg,,,,Myntra
GT-1000 14 Sports Shoes,https://myntr.it/1qQuzrC,https://assets.myntassets.com/dpr_2q_60w_210c_limitfl_progressive/assets/images/2025/DECEMBER/4/LnpXXWYx_7278890427e44bcdaf6f030e00a288b6.jpg,,,,Myntra
GLIDERIDE MAX 2 Sports Shoes,https://myntr.it/ITBnx65,https://assets.myntassets.com/dpr_2q_60w_210c_limitfl_progressive/assets/images/2025/DECEMBER/4/luNHbB8a_ee3991fcd19043048bbcbb4af7883349.jpg,,,,Myntra
HYPER SPEED 5 Sports Shoes,https://myntr.it/cgUyUdf,https://assets.myntassets.com/dpr_2q_60w_210c_limitfl_progressive/assets/images/2025/DECEMBER/4/njcItcZ4_e41f69c94b5648a68beeddd22bff68ad.jpg,6749,8999,25%,Myntra
Unisex Running Shoes,https://myntr.it/U31AN8n,https://assets.myntassets.com/dpr_2q_60w_210c_limitfl_progressive/assets/images/2025/DECEMBER/4/no5u0HKw_0526901638bb4e33a566d9617c9aa388.jpg,,,,Myntra
GAME FF Sports Shoes,https://myntr.it/EuzTvEn,https://assets.myntassets.com/dpr_2q_60w_210c_limitfl_progressive/assets/images/2025/DECEMBER/4/nuzs15o4_0eefdaebff2449489c2f6f453a775062.jpg,,,,Myntra
GEL KAYANO 32,https://myntr.it/qP3tdqS,https://assets.myntassets.com/dpr_2q_60w_210c_limitfl_progressive/assets/images/2025/DECEMBER/4/oMqwMB9V_0f4c01854b4b4de3be5b9e144d453a8d.jpg,,,,Myntra
Unisex Running Shoes,https://myntr.it/uA5t3eO,https://assets.myntassets.com/dpr_2q_60w_210c_limitfl_progressive/assets/images/2025/DECEMBER/4/Ot5n63kn_83005d776b85411c98dedab816d8f681.jpg,5999,7999,25%,Myntra
SONICBLAST Sports Shoes,https://myntr.it/EVofvAA,https://assets.myntassets.com/dpr_2q_60w_210c_limitfl_progressive/assets/images/2025/DECEMBER/4/RizMdOXX_ab381003be1a430caaede94ab553f5f1.jpg,,,,Myntra
DYNABLAST 5 Sports Shoes,https://myntr.it/qrz2y7T,https://assets.myntassets.com/dpr_2q_60w_210c_limitfl_progressive/assets/images/2025/DECEMBER/4/SZIQq4BD_bb7a8453e2a44e75bec2733f140ec13c.jpg,,,,Myntra
SKYHAND OG Sneakers,https://myntr.it/Fsnthwr,https://assets.myntassets.com/dpr_2q_60w_210c_limitfl_progressive/assets/images/2025/DECEMBER/4/taeqT440_a25a4456e806491e98fe2e89ab53e667.jpg,,,,Myntra
TRABUCO MAX 5 Sports Shoes,https://myntr.it/Dj98yPp,https://assets.myntassets.com/dpr_2q_60w_210c_limitfl_progressive/assets/images/2025/DECEMBER/4/tQxMYM5e_dd9df8295f0945dfbfbf0ca573e28f9b.jpg,11999,15999,25%,Myntra
GEL-KAYANO 32 Sports Shoes,https://myntr.it/3p1b8W5,https://assets.myntassets.com/dpr_2q_60w_210c_limitfl_progressive/assets/images/2025/DECEMBER/4/vFWcWyIU_32a527aed54e4b7aba134c2512d3d05e.jpg,,,,Myntra
MEGABLAST Sports Shoes,https://myntr.it/mCV39kc,https://assets.myntassets.com/dpr_2q_60w_210c_limitfl_progressive/assets/images/2025/DECEMBER/4/VnggXedo_483cdd55c9a846c897d1f4e49fd8ac65.jpg,,,,Myntra
GEL-NIMBUS 10.1 Sneakers,https://myntr.it/sPimKi9,https://assets.myntassets.com/dpr_2q_60w_210c_limitfl_progressive/assets/images/2025/DECEMBER/4/w6u22usp_2ebb3dfb3e044b5690386dd89b81877f.jpg,,,,Myntra
TRABUCO 14 Sports Shoes,https://myntr.it/k6MS11h,https://assets.myntassets.com/dpr_2q_60w_210c_limitfl_progressive/assets/images/2025/DECEMBER/4/z57Ucpap_9ca3c745e57d40a2bfe960fbbe433685.jpg,,,,Myntra
COURT FF 3 NOVAK Sports Shoes,https://myntr.it/WZ9oI3F,https://assets.myntassets.com/dpr_2q_60w_210c_limitfl_progressive/assets/images/2025/DECEMBER/5/1RQP1HGo_3e81d93ba49d48ea966add96eecfbde5.jpg,,,,Myntra
BLADE FF 2 Sports Shoes,https://myntr.it/onfuUge,https://assets.myntassets.com/dpr_2q_60w_210c_limitfl_progressive/assets/images/2025/DECEMBER/5/39nacZCf_42e742500d9e4a64932928bb4b913395.jpg,,,,Myntra
Unisex Running Shoes,https://myntr.it/r7zC5Sk,https://assets.myntassets.com/dpr_2q_60w_210c_limitfl_progressive/assets/images/2025/DECEMBER/5/BMHbLe6o_40b6570cd8b84df1b2366b48813b074d.jpg,,,,Myntra
SOLUTION SPEED FF4 Sports Shoe,https://myntr.it/mf1sthM,https://assets.myntassets.com/dpr_2q_60w_210c_limitfl_progressive/assets/images/2025/DECEMBER/5/bv97sKdK_4b0953ccbd3f48a7a445a46cf5c26439.jpg,,,,Myntra
GAME FF PICKLEBALL Sports Shoe,https://myntr.it/p6cGhA2,https://assets.myntassets.com/dpr_2q_60w_210c_limitfl_progressive/assets/images/2025/DECEMBER/5/cBFf55bz_0790f9e134714c2f9a0bbc833f80fff6.jpg,,,,Myntra
GEL-PULSE 17 Sports Shoes,https://myntr.it/1qC9XSk,https://assets.myntassets.com/dpr_2q_60w_210c_limitfl_progressive/assets/images/2025/DECEMBER/5/DgoSbCEG_b6caf4c7170c493aaea961a90b260a05.jpg,,,,Myntra
SUPERBLAST 2 running Shoe,https://myntr.it/9TsiOld,https://assets.myntassets.com/dpr_2q_60w_210c_limitfl_progressive/assets/images/2025/DECEMBER/5/Ep0OGv8B_edac11d96d08433d8d729c6f3b317c0d.jpg,,,,Myntra
GLIDERIDE MAX 2 Sports Shoes,https://myntr.it/3vn7mPF,https://assets.myntassets.com/dpr_2q_60w_210c_limitfl_progressive/assets/images/2025/DECEMBER/5/FnBN8gpG_3e0835a02dc142b4a3e1ae80062da9b4.jpg,,,,Myntra
SONICBLAST Sports Shoes,https://myntr.it/D8wIKcY,https://assets.myntassets.com/dpr_2q_60w_210c_limitfl_progressive/assets/images/2025/DECEMBER/5/fP00776P_426e985d799d4ceba3a9be897cbd887a.jpg,,,,Myntra
GEL-RESOLUTION X Tennis Shoes,https://myntr.it/NM0A4w8,https://assets.myntassets.com/dpr_2q_60w_210c_limitfl_progressive/assets/images/2025/DECEMBER/5/gCCorocv_335d00fb32604fb294c54e73c99d12e6.jpg,,,,Myntra
GEL-LETHAL FIELD 2 Sports Shoe,https://myntr.it/SGHrR8e,https://assets.myntassets.com/dpr_2q_60w_210c_limitfl_progressive/assets/images/2025/DECEMBER/5/j4netfTW_6a5f7ae1ec0b4b49b00c129b24bc235e.jpg,,,,Myntra
GEL-RESOLUTION X Sports Shoes,https://myntr.it/dvoXKFV,https://assets.myntassets.com/dpr_2q_60w_210c_limitfl_progressive/assets/images/2025/DECEMBER/5/LRqJoyMN_fee5252a25994d82abfb722d97ad4088.jpg,,,,Myntra
NOVABLAST 5 EKIDEN Sports Shoe,https://myntr.it/ymAwFe5,https://assets.myntassets.com/dpr_2q_60w_210c_limitfl_progressive/assets/images/2025/DECEMBER/5/lyEzXol4_493f0fae6a6546cda81fadc53b2b8672.jpg,,,,Myntra
GEL-NIMBUS 28 Sports Shoes,https://myntr.it/CwfqPMS,https://assets.myntassets.com/dpr_2q_60w_210c_limitfl_progressive/assets/images/2025/DECEMBER/5/NBTtV0kf_4982b8a8f76149b1812bfb9c49b57b61.jpg,,,,Myntra
COURT CONTROL FF4 Sports Shoe,https://myntr.it/g1Nlzix,https://assets.myntassets.com/dpr_2q_60w_210c_limitfl_progressive/assets/images/2025/DECEMBER/5/P9OjIhrJ_c08a1cb5ff8046319828872c04594ca2.jpg,,,,Myntra
COURT SLIDE 4 Sports Shoes,https://myntr.it/rRPNs3y,https://assets.myntassets.com/dpr_2q_60w_210c_limitfl_progressive/assets/images/2025/DECEMBER/5/pcBdAD9m_c53ed4b79dcb4c65943635acded8942e.jpg,,,,Myntra
COURT FF 3 NOVAK Tennis Shoes,https://myntr.it/ItxSbfW,https://assets.myntassets.com/dpr_2q_60w_210c_limitfl_progressive/assets/images/2025/DECEMBER/5/QSeEP3Fm_932bbc7670d346fb94d45662c2a1ffd3.jpg,,,,Myntra
GEL-RESOLUTION X Tennis Shoes,https://myntr.it/a7MoekE,https://assets.myntassets.com/dpr_2q_60w_210c_limitfl_progressive/assets/images/2025/DECEMBER/5/wA9tTNxe_810b0fa71d7445c2a66d67e75c3d4d66.jpg,,,,Myntra
GEL-NIMBUS 28 Sports Shoes,https://myntr.it/NVMjen7,https://assets.myntassets.com/dpr_2q_60w_210c_limitfl_progressive/assets/images/2025/DECEMBER/5/wv4IcO9p_3cd2036695f445bcab45fdf3de0cae01.jpg,,,,Myntra
SOLUTION SPEED FF4 Sports Shoe,https://myntr.it/kkhdhBb,https://assets.myntassets.com/dpr_2q_60w_210c_limitfl_progressive/assets/images/2025/DECEMBER/5/wXeqwlZ7_6635f825665b41f5aaf64d16f5cb8f6c.jpg,,,,Myntra
COURT FF 3 NOVAK Sports Shoes,https://myntr.it/u8B5d11,https://assets.myntassets.com/dpr_2q_60w_210c_limitfl_progressive/assets/images/2025/DECEMBER/5/xiWNS0Rx_3085a305f25a4720a4d14d046578acf8.jpg,,,,Myntra
UPCOURT 6 Sports Shoes,https://myntr.it/Wm7rFdt,https://assets.myntassets.com/dpr_2q_60w_210c_limitfl_progressive/assets/images/2025/DECEMBER/5/xyCl9C02_17dba053ad874e838760b9d4f95ac404.jpg,,,,Myntra
GT-2000 13 Men Running Shoes,https://myntr.it/pPGfdYj,https://assets.myntassets.com/dpr_2q_60w_210c_limitfl_progressive/assets/images/2025/JANUARY/11/Ni4lxuNX_cb08997cbcb340928274dc7b9690675c.jpg,9359,12999,28%,Myntra
Glideride Max Men Running Shoe,https://myntr.it/hJOtGSu,https://assets.myntassets.com/dpr_2q_60w_210c_limitfl_progressive/assets/images/2025/JANUARY/11/ns4OxnAi_1e8d81e46ce74e1dbf14e10d59fada86.jpg,,,,Myntra
Men Volleyball Sports Shoes,https://myntr.it/4t5RYDB,https://assets.myntassets.com/dpr_2q_60w_210c_limitfl_progressive/assets/images/2025/JANUARY/11/QpWP1qX5_c91033fa69e64ae2aaebbb960d905ea6.jpg,10399,12999,20%,Myntra
GT-2000 13 Sports Shoes,https://myntr.it/3Ulg0AJ,https://assets.myntassets.com/dpr_2q_60w_210c_limitfl_progressive/assets/images/2025/JANUARY/16/2PS8Ow4o_6d10f22e75e14a35b46da47435a6ecf2.jpg,9359,12999,28%,Myntra
Gel-Nimbus 27 Sports Shoes,https://myntr.it/lK5Ba9L,https://assets.myntassets.com/dpr_2q_60w_210c_limitfl_progressive/assets/images/2025/JANUARY/16/gyGeAk3n_e01006c7e083405792f1a61af802d48f.jpg,12069,16999,29%,Myntra
Gel-Nimbus 27 Men Sports Shoes,https://myntr.it/jIpesFS,https://assets.myntassets.com/dpr_2q_60w_210c_limitfl_progressive/assets/images/2025/JANUARY/16/vP09zTiu_6e9742638ea441f9a6f8a5d3e575b853.jpg,12069,16999,29%,Myntra
Men Upcourt 6 Sports Shoes,https://myntr.it/Yz1LphN,https://assets.myntassets.com/dpr_2q_60w_210c_limitfl_progressive/assets/images/2025/JANUARY/17/4U8nByPy_a924cb15b6ee4bd28a19fcdc1a237e51.jpg,,,,Myntra
Men Gel-Nimbus 27 Sports Shoes,https://myntr.it/iMMon3z,https://assets.myntassets.com/dpr_2q_60w_210c_limitfl_progressive/assets/images/2025/JANUARY/17/H051H8yj_97df8c766b6745b1bee468418db576c5.jpg,12749,16999,25%,Myntra
Sky Elite FF 3 Volleyball Shoe,https://myntr.it/qlgY98E,https://assets.myntassets.com/dpr_2q_60w_210c_limitfl_progressive/assets/images/2025/JANUARY/17/vP2Shkjj_c72d3916e53440ed85b1f34d5ee6521c.jpg,,,,Myntra
Gel-Pulse 16 Men Running Shoes,https://myntr.it/ub2Mctn,https://assets.myntassets.com/dpr_2q_60w_210c_limitfl_progressive/assets/images/2025/JANUARY/18/5z2BgDll_6bebff945ceb40ce98ccc45a16f2de6e.jpg,7199,8999,20%,Myntra
Dynablast 5 Men Running Shoes,https://myntr.it/jMDkPbr,https://assets.myntassets.com/dpr_2q_60w_210c_limitfl_progressive/assets/images/2025/JANUARY/18/d2Cqd5Ix_7e46d584b95f4c6fbb7e5680fe0e20ce.jpg,,,,Myntra
Gel-Nimbus 27 Running Shoes,https://myntr.it/NcH1ssc,https://assets.myntassets.com/dpr_2q_60w_210c_limitfl_progressive/assets/images/2025/JANUARY/18/GndmDyT5_c5afa6c785f9421099e8675f9dc886bd.jpg,13599,16999,20%,Myntra
Men Court Slide 4 Sports Shoes,https://myntr.it/MjOzN5p,https://assets.myntassets.com/dpr_2q_60w_210c_limitfl_progressive/assets/images/2025/JANUARY/18/jeFiUscT_9a6a32c95628439ab35859b4656b7342.jpg,,,,Myntra
Men Dynablast 5 Sports Shoes,https://myntr.it/kaOeBqa,https://assets.myntassets.com/dpr_2q_60w_210c_limitfl_progressive/assets/images/2025/JANUARY/20/9owos7Jh_1a85b254d13e472ba9f17405b0fb41da.jpg,,,,Myntra
Men Running Shoes,https://myntr.it/1HUke1R,https://assets.myntassets.com/dpr_2q_60w_210c_limitfl_progressive/assets/images/2025/JANUARY/20/e9kMXUeQ_cf24f9f2920e48bf99d1472f033cb36c.jpg,6389,8999,29%,Myntra
Gel-Pulse 16 Men Running Shoes,https://myntr.it/cf19LB8,https://assets.myntassets.com/dpr_2q_60w_210c_limitfl_progressive/assets/images/2025/JANUARY/20/LRA0Vxxm_338093ef0ac84e4c9bccda6e34654672.jpg,6569,8999,27%,Myntra
GEL-LETHAL FIELD 2 Shoes,https://myntr.it/Ga7a3ZA,https://assets.myntassets.com/dpr_2q_60w_210c_limitfl_progressive/assets/images/2025/JANUARY/22/HPhcy1hb_6d58b9da34b94d16853b71d1df5393c1.jpg,,,,Myntra
GEL-KAYANO 32 Running shoes,https://myntr.it/0Ne4f6y,https://assets.myntassets.com/dpr_2q_60w_210c_limitfl_progressive/assets/images/2025/JUNE/11/AsbumOOD_cd78d4c09f3f43aebeab338f077b1de5.jpg,,,,Myntra
GEL-KAYANO 32 Running shoes,https://myntr.it/mMs4D3r,https://assets.myntassets.com/dpr_2q_60w_210c_limitfl_progressive/assets/images/2025/JUNE/11/eGiK8SW1_a784a42c6e6940019d8500e792293270.jpg,,,,Myntra
GEL-KAYANO 32 Running shoes,https://myntr.it/6vcuB1v,https://assets.myntassets.com/dpr_2q_60w_210c_limitfl_progressive/assets/images/2025/JUNE/11/gDT8YokG_497e7b388583418eaeda137830abc9fa.jpg,,,,Myntra
GEL-KAYANO 32 Running shoes,https://myntr.it/b5OcA6L,https://assets.myntassets.com/dpr_2q_60w_210c_limitfl_progressive/assets/images/2025/JUNE/11/gGxKc5p5_0fe2ca579b734c688388dca55e6ab621.jpg,,,,Myntra
GEL-KAYANO 32 Running shoes,https://myntr.it/aljOs1U,https://assets.myntassets.com/dpr_2q_60w_210c_limitfl_progressive/assets/images/2025/JUNE/11/jn5tCMPk_e1c5d5bb6089452fa94bebeb06ac53ec.jpg,,,,Myntra
GEL-KAYANO 32 Running shoes,https://myntr.it/xqhobie,https://assets.myntassets.com/dpr_2q_60w_210c_limitfl_progressive/assets/images/2025/JUNE/11/okJUSkMc_4891515b252948c8933d431233c4cc01.jpg,,,,Myntra
GEL-KAYANO 32 Running shoes,https://myntr.it/6rtVE7E,https://assets.myntassets.com/dpr_2q_60w_210c_limitfl_progressive/assets/images/2025/JUNE/11/uDl7UHvl_6c3fa5d082774ef4a3b7d3786a888643.jpg,,,,Myntra
GEL-KAYANO 32 Running shoes,https://myntr.it/M59Eafu,https://assets.myntassets.com/dpr_2q_60w_210c_limitfl_progressive/assets/images/2025/JUNE/11/yOn0OQzA_64cb0b073e344c1ea954a8642486694c.jpg,,,,Myntra
GEL-KAYANO 32 Running shoes,https://myntr.it/vksCGSb,https://assets.myntassets.com/dpr_2q_60w_210c_limitfl_progressive/assets/images/2025/JUNE/11/Z73iyLTX_12918ffc52da4747be7982dbbbc4d389.jpg,,,,Myntra
350 NOT OUT FF Cricket Shoes,https://myntr.it/VzQiI00,https://assets.myntassets.com/dpr_2q_60w_210c_limitfl_progressive/assets/images/2025/JUNE/21/ENjePinf_b7337d32c74e4256b5536d4178809e27.jpg,,,,Myntra
Upcourt 6 Men Indoor Shoes,https://myntr.it/yCxZ3oy,https://assets.myntassets.com/dpr_2q_60w_210c_limitfl_progressive/assets/images/2025/JUNE/21/EzUxvwSQ_5bf84690f1cd486dbb01fce9b660c291.jpg,4799,5999,20%,Myntra
Men Textured Running Shoe,https://myntr.it/Hf3o8zy,https://assets.myntassets.com/dpr_2q_60w_210c_limitfl_progressive/assets/images/2025/JUNE/21/SF5jDOAs_993e74ce896f419ca491d8e5e3fd7db4.jpg,,,,Myntra
Upcourt Men Indoor Court Shoes,https://myntr.it/7R2fwc3,https://assets.myntassets.com/dpr_2q_60w_210c_limitfl_progressive/assets/images/2025/JUNE/21/SPCkiApa_47dd60f24f3a4d30a2f21a30d79256db.jpg,,,,Myntra
Solution Speed FF Tennis Shoes,https://myntr.it/MwhyElm,https://assets.myntassets.com/dpr_2q_60w_210c_limitfl_progressive/assets/images/2025/JUNE/21/vs0S0AQn_35e0337b1e0d484998a26185290aeaf2.jpg,9599,11999,20%,Myntra
Men Upcourt 6  Badminton Shoes,https://myntr.it/acog9gi,https://assets.myntassets.com/dpr_2q_60w_210c_limitfl_progressive/assets/images/2025/JUNE/21/W1T4xBE5_dddfa0e5edc147ab81b3cc79bd699958.jpg,,,,Myntra
Speed Menace FF Men Shoes,https://myntr.it/371raGX,https://assets.myntassets.com/dpr_2q_60w_210c_limitfl_progressive/assets/images/2025/JUNE/21/W9HSMqXx_f4ad058ddd944128b46b18a8bb0d7ecb.jpg,,,,Myntra
Gel-Lethal Field Unisex Shoes,https://myntr.it/cm1wmnG,https://assets.myntassets.com/dpr_2q_60w_210c_limitfl_progressive/assets/images/2025/JUNE/23/GpWA7ins_751cdec62bcd42be9f35682593b0ece5.jpg,,,,Myntra
Gel-Nimbus 27 Men Sports Shoes,https://myntr.it/Ofnq7qj,https://assets.myntassets.com/dpr_2q_60w_210c_limitfl_progressive/assets/images/2025/JUNE/23/xypqsDC0_1e841204c93a44cfbfc43ff5df0ed4e6.jpg,13599,16999,20%,Myntra
Gel-Nimbus Men Sports Shoes,https://myntr.it/DzlGecH,https://assets.myntassets.com/dpr_2q_60w_210c_limitfl_progressive/assets/images/2025/JUNE/23/yGNxHLjE_925988e40cd64601863bb7369295836b.jpg,13599,16999,20%,Myntra
Game FF Padel Men Tennis Shoes,https://myntr.it/mqrSP93,https://assets.myntassets.com/dpr_2q_60w_210c_limitfl_progressive/assets/images/2025/JUNE/24/30h8CEzs_bd8025efb79243248dc9a3c90dd5dbeb.jpg,,,,Myntra
Gel-Peake Unisex Cricket Shoes,https://myntr.it/2noI0G4,https://assets.myntassets.com/dpr_2q_60w_210c_limitfl_progressive/assets/images/2025/JUNE/24/3m1RakPv_dcd3feae45704b88a8f089071ad7de59.jpg,,,,Myntra
Gel-Challenger 15 Tennis Shoes,https://myntr.it/mTAcw1e,https://assets.myntassets.com/dpr_2q_60w_210c_limitfl_progressive/assets/images/2025/JUNE/24/6HTvyDVO_a3d771d0f5094071ac39208c2f286318.jpg,,,,Myntra
Sonicblast Men Running Shoes,https://myntr.it/RnOyxpv,https://assets.myntassets.com/dpr_2q_60w_210c_limitfl_progressive/assets/images/2025/JUNE/24/bZR1doR6_1eeb65a9a4f24ba78d9c42669e577274.jpg,,,,Myntra
Men Running Shoes,https://myntr.it/lR5b5OA,https://assets.myntassets.com/dpr_2q_60w_210c_limitfl_progressive/assets/images/2025/JUNE/24/DgFj2QJ4_7bd071399e274033ad0d941748028617.jpg,,,,Myntra
GT-1000 14 Men Running Shoes,https://myntr.it/rGOcvq5,https://assets.myntassets.com/dpr_2q_60w_210c_limitfl_progressive/assets/images/2025/JUNE/24/Fil7pYLt_d9e3344c08a244cea80d826c87712257.jpg,,,,Myntra
Gel-Cumulus Men Running Shoes,https://myntr.it/I70czmt,https://assets.myntassets.com/dpr_2q_60w_210c_limitfl_progressive/assets/images/2025/JUNE/24/G6nNAOPE_e809c202011b48d4beaf6c8cab08347d.jpg,10399,12999,20%,Myntra
GT-1000 14 Men Running Shoes,https://myntr.it/EFkfKVR,https://assets.myntassets.com/dpr_2q_60w_210c_limitfl_progressive/assets/images/2025/JUNE/24/HydaNDL8_00b3f5be5e7b4a74bcc4e475ca9ee4fe.jpg,,,,Myntra
Men Running Shoes,https://myntr.it/bCykck7,https://assets.myntassets.com/dpr_2q_60w_210c_limitfl_progressive/assets/images/2025/JUNE/24/i6ff8Jkl_44ca3671b11745088b75e09b4a402839.jpg,,,,Myntra
Sky Elite FF MT 3 Men PU Shoes,https://myntr.it/l67gWrJ,https://assets.myntassets.com/dpr_2q_60w_210c_limitfl_progressive/assets/images/2025/JUNE/24/OEleq9Lh_9f2fc82ae7a745d9bbaed5fd0d15e450.jpg,,,,Myntra
Field Speed FF Men Hockey Shoe,https://myntr.it/wdok2k9,https://assets.myntassets.com/dpr_2q_60w_210c_limitfl_progressive/assets/images/2025/JUNE/24/ofvAcPmu_0b8241fedbc34a9d96be5c48a1fd264a.jpg,,,,Myntra
GT-1000 14 Men Running Shoes,https://myntr.it/8DTAeYh,https://assets.myntassets.com/dpr_2q_60w_210c_limitfl_progressive/assets/images/2025/JUNE/24/tTGO00EV_2dee6bb071904e8090ae3e2e67138cb1.jpg,,,,Myntra
Blade FF 2 Men Sports Shoes,https://myntr.it/czc5ncp,https://assets.myntassets.com/dpr_2q_60w_210c_limitfl_progressive/assets/images/2025/JUNE/24/WkeB1CIq_89a3e7d225884fc396a10c39bb4f96e1.jpg,,,,Myntra
Powerbreak FF Men Indoor Shoes,https://myntr.it/1a0rNwW,https://assets.myntassets.com/dpr_2q_60w_210c_limitfl_progressive/assets/images/2025/JUNE/24/XgLJbW68_e1d63ed8657447afa15c63b5460d4311.jpg,,,,Myntra
Game FF Padel Men Shoes,https://myntr.it/WsFM8X4,https://assets.myntassets.com/dpr_2q_60w_210c_limitfl_progressive/assets/images/2025/JUNE/24/YLehOq9t_0fe35f56bb68435091db81f0b311e9ca.jpg,,,,Myntra
Gel-Challenger 15 Padel Shoes,https://myntr.it/BTMkonV,https://assets.myntassets.com/dpr_2q_60w_210c_limitfl_progressive/assets/images/2025/JUNE/24/yPVEWzQm_ee8180a84e994287b9aa2378309f32e9.jpg,,,,Myntra
GT-2000 14 Men Running Shoes,https://myntr.it/4yNndyL,https://assets.myntassets.com/dpr_2q_60w_210c_limitfl_progressive/assets/images/2025/JUNE/24/ywFFYb3g_7720a393879c4ca4a23b5b8532f8fd0d.jpg,,,,Myntra
Unisex Marking Running Shoes,https://myntr.it/4CzKYpz,https://assets.myntassets.com/dpr_2q_60w_210c_limitfl_progressive/assets/images/2025/JUNE/25/kD475FRN_88a9d7865c47454eb16e1311cb657e20.jpg,7999,9999,20%,Myntra
GEL-QUANTUM 360 I Sports Shoes,https://myntr.it/1UTE3Bk,https://assets.myntassets.com/dpr_2q_60w_210c_limitfl_progressive/assets/images/2025/JUNE/25/vk2IcL6C_b1651bf618594c5797c31c6e9bf74dc9.jpg,,,,Myntra
Patriot 13 Mens Running Shoes,https://myntr.it/2yCf7Iw,https://assets.myntassets.com/dpr_2q_60w_210c_limitfl_progressive/assets/images/2025/MARCH/7/0af40520_b0b1659bb72d41f6881de61368e804db.jpg,4069,5499,26%,Myntra
Gel-Excite 10 Men Sports Shoes,https://myntr.it/jmFwp2v,https://assets.myntassets.com/dpr_2q_60w_210c_limitfl_progressive/assets/images/2025/MARCH/7/qrqnKxiT_fffad147c8184fd28414afe7dab2b268.jpg,5999,7499,20%,Myntra
Gel-Run Adapt Running Shoes,https://myntr.it/MzFcc37,https://assets.myntassets.com/dpr_2q_60w_210c_limitfl_progressive/assets/images/2025/MARCH/7/sW4GMHAR_09ecfecff6ab445295b4d2cb6fbd1aca.jpg,3149,6999,55%,Myntra
Patriot 13 Men Running Shoes,https://myntr.it/6WzB5Fy,https://assets.myntassets.com/dpr_2q_60w_210c_limitfl_progressive/assets/images/2025/MAY/10/8Fe1GHe4_e8bce1fb504346c8b179179c97df4367.jpg,3904,5499,29%,Myntra
Gel-Excite10 Men Running Shoes,https://myntr.it/gzqohl8,https://assets.myntassets.com/dpr_2q_60w_210c_limitfl_progressive/assets/images/2025/MAY/10/C6DK2qmm_4164bd4cf1024fb3a8554d7db9f6ac2c.jpg,5999,7499,20%,Myntra
Patriot 13 Men Running Shoes,https://myntr.it/BlCisj3,https://assets.myntassets.com/dpr_2q_60w_210c_limitfl_progressive/assets/images/2025/MAY/10/qjWQ1FmX_8f064940ffc14ca78a56fb0f5200fb03.jpg,3904,5499,29%,Myntra
Men Running Shoes,https://myntr.it/y2YOkeD,https://assets.myntassets.com/dpr_2q_60w_210c_limitfl_progressive/assets/images/2025/MAY/10/qw7DvXQA_bb8a45845a364b1a9faf322709016a84.jpg,,,,Myntra
Men Patriot 13 Running Shoes,https://myntr.it/jHYJMQZ,https://assets.myntassets.com/dpr_2q_60w_210c_limitfl_progressive/assets/images/2025/MAY/10/STH7endT_d852eb4e0ed0460ebf0fa31df1049540.jpg,3904,5499,29%,Myntra
Men 1000 LE Running Shoes,https://myntr.it/sYpnFxn,https://assets.myntassets.com/dpr_2q_60w_210c_limitfl_progressive/assets/images/2025/OCTOBER/3/ArjOX5cc_430edf6c48994373bc509629909686c7.jpg,7599,9999,24%,Myntra
Men COURTMOV Badminton Shoes,https://myntr.it/WS87c4X,https://assets.myntassets.com/dpr_2q_60w_210c_limitfl_progressive/assets/images/2025/OCTOBER/6/bRv7HlZ8_80694b9ed76a4c2081028de5a400c166.jpg,5179,6999,26%,Myntra
Men COURTMOV Badminton Shoes,https://myntr.it/WS87c4X,https://assets.myntassets.com/dpr_2q_60w_210c_limitfl_progressive/assets/images/2025/OCTOBER/6/bRv7HlZ8_80694b9ed76a4c2081028de5a400c166.jpg,5179,6999,26%,Myntra
Men Fuji Lite Running Shoes,https://myntr.it/1yoeP89,https://assets.myntassets.com/dpr_2q_60w_210c_limitfl_progressive/assets/images/2025/OCTOBER/6/jzsIrA8G_c362b1a2a2f647929bcfd5b516d776b6.jpg,6599,10999,40%,Myntra
Men JOLT 4 Running Shoes,https://myntr.it/q534aJm,https://assets.myntassets.com/dpr_2q_60w_210c_limitfl_progressive/assets/images/2025/OCTOBER/6/TmGf6OGJ_1fff06a697cb4e63a03016b5592f4273.jpg,2789,4499,38%,Myntra
Men Gel-Renma Badminton Shoes,https://myntr.it/Xl1B6FO,https://assets.myntassets.com/dpr_2q_60w_210c_limitfl_progressive/assets/images/2025/OCTOBER/6/XGxaF0Aj_f5d81a843edf4603b93d041d98f2c2e0.jpg,6569,8999,27%,Myntra
Men HyperSpeed 5 Running Shoes,https://myntr.it/nQn7W6R,https://assets.myntassets.com/dpr_2q_60w_210c_limitfl_progressive/assets/images/2025/OCTOBER/6/yIjG8VsA_495472c6df554acfa846e2a464006104.jpg,5849,8999,35%,Myntra
Ezeride Men Running Shoes,https://myntr.it/Z920bix,https://assets.myntassets.com/dpr_2q_60w_210c_limitfl_progressive/assets/images/2025/SEPTEMBER/16/KRwHd2i2_bcbc4866841b483c877831f80dc44261.jpg,4499,8999,50%,Myntra
Men Gel-Cover Cricket Shoes,https://myntr.it/pjFkY1o,https://assets.myntassets.com/dpr_2q_60w_210c_limitfl_progressive/assets/images/2025/SEPTEMBER/26/yXeNRe27_22d0aa9931e64c9cb2ce413cfc9c6b9b.jpg,5109,6999,27%,Myntra
Men Running Sports Shoes,https://myntr.it/oF5sn0A,https://assets.myntassets.com/dpr_2q_60w_210c_limitfl_progressive/assets/images/2026/FEBRUARY/10/cFtHbkFt_237b81d48adc4a5cb17d6f3a684f9139.jpg,,,,Myntra
Men Running Sports Shoes,https://myntr.it/xHbUs0p,https://assets.myntassets.com/dpr_2q_60w_210c_limitfl_progressive/assets/images/2026/FEBRUARY/10/HZgVpajk_b8f8d88b9b1e4539aadb77e1fdccb64b.jpg,,,,Myntra
SONICSMASH FF,https://myntr.it/hP3GQw7,https://assets.myntassets.com/dpr_2q_60w_210c_limitfl_progressive/assets/images/2026/FEBRUARY/20/9FT7DSJw_f0b1a6797a6a4bf09924a99ecdb1fbdc.jpg,,,,Myntra
GEL-CONTEND 9,https://myntr.it/0sU1E1n,https://assets.myntassets.com/dpr_2q_60w_210c_limitfl_progressive/assets/images/2026/FEBRUARY/20/gRflWi8S_083db09405594591b2f08a81ef958e80.jpg,,,,Myntra
GEL-EXCITE 11,https://myntr.it/tU3Onh8,https://assets.myntassets.com/dpr_2q_60w_210c_limitfl_progressive/assets/images/2026/FEBRUARY/20/oZ0T6CMK_328b79313a9a4f0f808ed14d1de3fb33.jpg,,,,Myntra
COURT HUNTER FF Badminton Shoe,https://myntr.it/HJ8nLnV,https://assets.myntassets.com/dpr_2q_60w_210c_limitfl_progressive/assets/images/2026/FEBRUARY/23/1T5Ajnot_458458376a9247f993616ecc7811d49d.jpg,6839,8999,24%,Myntra
GEL-CONTEND 4B+,https://myntr.it/JZJGHrp,https://assets.myntassets.com/dpr_2q_60w_210c_limitfl_progressive/assets/images/2026/FEBRUARY/23/4wQawRPv_2f00817478ff4f7386cfc7d7f005e256.jpg,2499,4999,50%,Myntra
Men VENTURE 10 Running Shoes,https://myntr.it/aFSpUSb,https://assets.myntassets.com/dpr_2q_60w_210c_limitfl_progressive/assets/images/2026/FEBRUARY/23/GyID9Z3I_998c3ef2bdb14dbcb4db92bd3bcb65bc.jpg,3769,6499,42%,Myntra
Men Gel-Pulse16 Running Shoes,https://myntr.it/qbp0z2A,https://assets.myntassets.com/dpr_2q_60w_210c_limitfl_progressive/assets/images/2026/FEBRUARY/23/n0c0qApK_c4c5678ba0874888ab19a006e5756a77.jpg,6749,8999,25%,Myntra
Men Gel Contend Sports Shoes,https://myntr.it/NiQN5s7,https://assets.myntassets.com/dpr_2q_60w_210c_limitfl_progressive/assets/images/2026/FEBRUARY/25/FsvXz7v5_ef4d45fd7b904ff08e35182d26dea3ad.jpg,2499,4999,50%,Myntra
GEL?Nimbus 28 Sports Shoes,https://myntr.it/m2EsrJB,https://assets.myntassets.com/dpr_2q_60w_210c_limitfl_progressive/assets/images/2026/FEBRUARY/4/ExoANZUj_2ae5d4f733194582aac4d10309be3a29.jpg,,,,Myntra
Men fuzor B Sports Shoes,https://myntr.it/6RzDFus,https://assets.myntassets.com/dpr_2q_60w_210c_limitfl_progressive/assets/images/2026/FEBRUARY/9/C7PTxe8T_91dfa90d89094ade8c71dd8c778a6f26.jpg,2499,4999,50%,Myntra
Men Gel-Sonoma 8 Running Shoes,https://myntr.it/u3J6o34,https://assets.myntassets.com/dpr_2q_60w_210c_limitfl_progressive/assets/images/2026/JANUARY/16/DFtv0WJq_84c886d4d4564a65a55bda7f29380e65.jpg,6839,8999,24%,Myntra
Men Gel-Sonoma 8 Running Shoes,https://myntr.it/x0GhmeB,https://assets.myntassets.com/dpr_2q_60w_210c_limitfl_progressive/assets/images/2026/JANUARY/16/R7u97uiF_8d1823a7b99d4694b10c9bdb793382d3.jpg,6839,8999,24%,Myntra
Unisex Tiger Runner 2 Shoes,https://myntr.it/20JtYcV,https://assets.myntassets.com/dpr_2q_60w_210c_limitfl_progressive/assets/images/2026/JANUARY/20/qX18Alya_c2e2834027c243589a26a4067874b555.jpg,5109,6999,27%,Myntra
GEL-KAYANO 32 PLATINUM  Shoes,https://myntr.it/EqvsJ7u,https://assets.myntassets.com/dpr_2q_60w_210c_limitfl_progressive/assets/images/2026/JANUARY/23/BI6u0a6G_09dd72b5c0464c3e83c878739c3228b6.jpg,,,,Myntra
Nimbus 28 Platinum,https://myntr.it/nMr0f5S,https://assets.myntassets.com/dpr_2q_60w_210c_limitfl_progressive/assets/images/2026/JANUARY/23/uOvItM1I_798bb5ffd5ee459a83b1b205ccedeee6.jpg,,,,Myntra
Men Gel-Nimbus27 Running Shoes,https://myntr.it/TNB7zR9,https://assets.myntassets.com/dpr_2q_60w_210c_limitfl_progressive/assets/images/2026/JANUARY/30/Am6HQZGV_b8c0ef3db972483eaa42cb7a3829cb2e.jpg,12069,16999,29%,Myntra
Men Beyond FF Volleyball Shoes,https://myntr.it/1noz6Jh,https://assets.myntassets.com/dpr_2q_60w_210c_limitfl_progressive/assets/images/2026/JANUARY/30/WbpLLaS8_2240b34347e745c68cec5123bd82de90.jpg,8359,10999,24%,Myntra
GEL-CONTEND 4B+,https://myntr.it/BHhb8yT,https://assets.myntassets.com/dpr_2q_60w_210c_limitfl_progressive/assets/images/2026/MARCH/2/aHk6IZ4C_c589dcf35e5e42ebabfa922b15828ce8.jpg,2499,4999,50%,Myntra
Men Woven GEL - XTEND Running,https://myntr.it/vUQoMYw,https://assets.myntassets.com/dpr_2q_60w_210c_limitfl_progressive/assets/images/21179280/2023/9/4/36e13161-e6be-412f-b80c-c3449fa79ea61693829862458-ASICS-Men-Sports-Shoes-4371693829862129-1.jpg,2799,4999,44%,Myntra
Men Woven GEL - XTEND Running,https://myntr.it/On13xf8,https://assets.myntassets.com/dpr_2q_60w_210c_limitfl_progressive/assets/images/21179282/2023/9/4/3c4bfece-b1c7-43c9-b399-d9c69487bcc21693829883925-ASICS-Men-Sports-Shoes-1641693829883652-1.jpg,3659,5999,39%,Myntra
Men GEL-33 Sports Shoes,https://myntr.it/jCtd7GX,https://assets.myntassets.com/dpr_2q_60w_210c_limitfl_progressive/assets/images/22129412/2023/2/25/1cbd6658-a00b-4d7d-bdaa-8fedbdc33b2c1677334470302ASICSMenSportsShoes1.jpg,2749,5499,50%,Myntra
Men GEL-33 RUN Sports Shoes,https://myntr.it/yI6hipL,https://assets.myntassets.com/dpr_2q_60w_210c_limitfl_progressive/assets/images/22129414/2023/2/25/346d1d60-4a1f-45e2-89d7-5b8eeb3542b71677334760841ASICSMenSportsShoes1.jpg,2749,5499,50%,Myntra
Men GEL-33 Sports Shoes,https://myntr.it/2Lbisxc,https://assets.myntassets.com/dpr_2q_60w_210c_limitfl_progressive/assets/images/22129418/2023/2/25/5210597b-93cd-48cd-800f-656f7c0926571677334606723ASICSMenSportsShoes1.jpg,2749,5499,50%,Myntra
Men GEL-Ease Running Shoes,https://myntr.it/Z67jFRb,https://assets.myntassets.com/dpr_2q_60w_210c_limitfl_progressive/assets/images/22536294/2023/5/18/c1fa785f-8e97-4905-8be3-0055459d4cc51684389889167-ASICS-Men-GEL-Ease-Running-Shoes-2631684389888631-1.jpg,3149,6999,55%,Myntra
Men GEL-Run Running Shoes,https://myntr.it/IxLNYne,https://assets.myntassets.com/dpr_2q_60w_210c_limitfl_progressive/assets/images/22536300/2023/5/18/e72995cf-9490-496f-a144-b0ecf4311f951684390054020-ASICS-Men-GEL-Run-Adapt-Running-Shoes-1521684390053501-1.jpg,3149,6999,55%,Myntra
Men GEL-Ease Running Shoes,https://myntr.it/cikxdeO,https://assets.myntassets.com/dpr_2q_60w_210c_limitfl_progressive/assets/images/22536304/2023/5/18/4a012acd-020a-457f-9e19-a4795777b3c11684390106581-ASICS-Men-GEL-Ease-Running-Shoes-3311684390106085-1.jpg,3149,6999,55%,Myntra
Men GEL-33 Running Shoes,https://myntr.it/VdXgf0H,https://assets.myntassets.com/dpr_2q_60w_210c_limitfl_progressive/assets/images/23118950/2023/5/10/144e341c-f26d-42ac-a893-14e0d5a796dd1683717218309ASICSGEL-33RunGreyMensRunningShoes1.jpg,3354,5499,39%,Myntra
Men TS3 Textured Running Shoes,https://myntr.it/fvph0ih,https://assets.myntassets.com/dpr_2q_60w_210c_limitfl_progressive/assets/images/23512926/2023/8/30/b4fecf7c-6011-4609-b0ea-336a442a084a1693389715254-ASICS-Men-Sports-Shoes-6581693389714905-1.jpg,3904,5499,29%,Myntra
Men Gel Asro Running Shoes,https://myntr.it/tNYfMpv,https://assets.myntassets.com/dpr_2q_60w_210c_limitfl_progressive/assets/images/23512934/2023/12/28/6433ba21-e0d6-4329-a600-9ecc8f6d531a1703746349342-ASICS-Men-Sports-Shoes-6711703746349126-1.jpg,2749,5499,50%,Myntra
Men Woven GEL-33 Running Shoes,https://myntr.it/ji7j3yJ,https://assets.myntassets.com/dpr_2q_60w_210c_limitfl_progressive/assets/images/23512940/2023/12/28/3a75f2fe-e856-4ec1-92d9-0985ee49b9801703742422459-ASICS-Men-Sports-Shoes-961703742422150-1.jpg,3349,4999,33%,Myntra
Men Woven GEL-GALAXY 8B Run,https://myntr.it/Rc33mok,https://assets.myntassets.com/dpr_2q_60w_210c_limitfl_progressive/assets/images/23512948/2023/12/28/575ae240-957a-43fa-8f9b-08c1de837f8d1703741718056-ASICS-Men-Sports-Shoes-8321703741717757-1.jpg,2349,4999,53%,Myntra
Men Woven GEL-33 Running Shoes,https://myntr.it/8mNAqvd,https://assets.myntassets.com/dpr_2q_60w_210c_limitfl_progressive/assets/images/23512950/2023/12/28/a151f108-80b1-4be3-b4c1-8e62272f2b191703746339205-ASICS-Men-Sports-Shoes-6541703746339005-1.jpg,2799,4999,44%,Myntra
Men Woven GEL-33 Running Shoes,https://myntr.it/Rlu35KT,https://assets.myntassets.com/dpr_2q_60w_210c_limitfl_progressive/assets/images/23512952/2023/12/28/c628e2e2-f3ba-4e5b-a418-8f6edc4925bb1703746987140-ASICS-Men-Sports-Shoes-4231703746986868-1.jpg,3354,5499,39%,Myntra
Men Woven GEL-33 Running Shoes,https://myntr.it/gi13zs9,https://assets.myntassets.com/dpr_2q_60w_210c_limitfl_progressive/assets/images/23513052/2023/12/28/5796dda0-803e-4c1f-88c4-e3a1423076fa1703746313597-ASICS-Men-Sports-Shoes-9181703746313362-1.jpg,3354,5499,39%,Myntra
Men Woven GEL-33 Running Shoes,https://myntr.it/tqHcD6n,https://assets.myntassets.com/dpr_2q_60w_210c_limitfl_progressive/assets/images/23513054/2023/12/28/9bfc2d80-b7c9-4fdf-83b9-0c5e358803901703753312117-ASICS-Men-Woven-Design-GEL-33-Running-Shoes-1711703753311847-1.jpg,3354,5499,39%,Myntra
Men Gel Xtend Running Shoes,https://myntr.it/KYo4etu,https://assets.myntassets.com/dpr_2q_60w_210c_limitfl_progressive/assets/images/26376198/2025/1/23/7b4d894f-61c2-4fad-acf8-a99b587d15bb1737606354098-ASICS-GEL-XTEND-Woven-Design-Running-Shoes-2121737606353642-1.jpg,3659,5999,39%,Myntra
Men GEL-CONTEND 5B Running,https://myntr.it/5eBI9Za,https://assets.myntassets.com/dpr_2q_60w_210c_limitfl_progressive/assets/images/26376222/2024/2/1/771c1dcb-9539-40e6-9b2f-00bc8606168c1706771844560-ASICS-Men-Sports-Shoes-5791706771844227-1.jpg,2302,4699,51%,Myntra
Men Fuzor B Running Shoes,https://myntr.it/xKzSAro,https://assets.myntassets.com/dpr_2q_60w_210c_limitfl_progressive/assets/images/26376246/2024/3/18/f59097ad-8df3-411f-b76b-28d2de3484841710743263615-ASICS-Men-Casual-Shoes-241710743263287-1.jpg,2159,4499,52%,Myntra
Men Gel-Xtend Running Shoes,https://myntr.it/2yhJk02,https://assets.myntassets.com/dpr_2q_60w_210c_limitfl_progressive/assets/images/26376272/2024/7/30/7555954f-031c-44fd-a879-ee84cf0ad5b81722319318188-ASICS-Men-Sports-Shoes-2301722319317869-1.jpg,3659,5999,39%,Myntra
Men GEL-CONTEND 4B+ Running,https://myntr.it/j6EhBjB,https://assets.myntassets.com/dpr_2q_60w_210c_limitfl_progressive/assets/images/26376320/2024/3/18/69858f69-b039-4f23-bff1-84af9248687e1710740682590-ASICS-Men-Sports-Shoes-2291710740682360-1.jpg,2794,4299,35%,Myntra
Men Gel-Courtmov+ Badminton,https://myntr.it/S0UXrC6,https://assets.myntassets.com/dpr_2q_60w_210c_limitfl_progressive/assets/images/26662722/2025/3/21/ef69b623-5325-46bb-a3d4-6298a755ed2c1742537476823-ASICS-Men-Gel-Courtmov-Badminton-Shoes-4261742537476440-1.jpg,4259,5999,29%,Myntra
Men GEL-Kayano 30 Running Shoe,https://myntr.it/Kwq23BY,https://assets.myntassets.com/dpr_2q_60w_210c_limitfl_progressive/assets/images/27129526/2024/1/22/4bce0754-7bfd-4b35-a778-013364be36951705929356310AsicsGEL-Kayano30blueMenRunningShoes1.jpg,11519,15999,28%,Myntra
Men Versablast 3 Running Shoes,https://myntr.it/koo9cTN,https://assets.myntassets.com/dpr_2q_60w_210c_limitfl_progressive/assets/images/27136956/2024/1/25/d2f89970-bb61-499b-b4fc-a239bb6933561706193512479ASICSVersablast3MenRunningShoes1.jpg,5599,6999,20%,Myntra
Men Versablast 3 Running Shoes,https://myntr.it/TT3dZyG,https://assets.myntassets.com/dpr_2q_60w_210c_limitfl_progressive/assets/images/27136964/2024/1/25/17796aa0-a694-4116-b69a-2fa53943d4111706193508428ASICSMenVersablast3RunningShoes1.jpg,5599,6999,20%,Myntra
Men GEL-Cumulus 26 Running,https://myntr.it/cK4wzjm,https://assets.myntassets.com/dpr_2q_60w_210c_limitfl_progressive/assets/images/27136968/2024/1/24/89c8b646-6e67-43ee-9574-9f5469c40e7b1706098104027ASICSGEL-Cumulus26MenPatternedLace-UpRunningSportsShoes1.jpg,8159,11999,32%,Myntra
Men Netburner Ballistic FF 3,https://myntr.it/5zFMsuf,https://assets.myntassets.com/dpr_2q_60w_210c_limitfl_progressive/assets/images/27136970/2024/1/25/b16ded74-d3b4-4d77-b6d8-25dbb7a8e0fe1706187754160ASICSNetburnerBallisticFF3MenPatternedLace-UpVolleyballSport1.jpg,10399,12999,20%,Myntra
Men Patriot 13 Running Shoes,https://myntr.it/RBVq7Ds,https://assets.myntassets.com/dpr_2q_60w_210c_limitfl_progressive/assets/images/27155318/2024/1/27/7b242238-01d0-436b-855f-e3e30894c0011706364416479ASICSPatriot13MenPatternedLace-UpRunningSportsShoes1.jpg,4399,5499,20%,Myntra
Men PATRIOT 13 Running Shoes,https://myntr.it/8j641xl,https://assets.myntassets.com/dpr_2q_60w_210c_limitfl_progressive/assets/images/27155364/2024/1/27/d0b33fec-78c2-4af0-9967-f2909815234c1706362831276ASICSPatriot13MenRunningShoes1.jpg,4399,5499,20%,Myntra
Men Jolt 4 Running Shoes,https://myntr.it/7LrJABG,https://assets.myntassets.com/dpr_2q_60w_210c_limitfl_progressive/assets/images/29913328/2025/3/17/43819617-cb0c-4ac2-b237-070f9c6183b71742210801245-ASICS-Men-Jolt-4-Woven-Design-Running-Shoes-2421742210800908-1.jpg,2789,4499,38%,Myntra
Unisex Running Shoes,https://myntr.it/ToWlVB4,https://assets.myntassets.com/dpr_2q_60w_210c_limitfl_progressive/assets/images/29913371/2025/3/17/400f9083-1140-4ab3-9f14-fd36643ae1c11742189848850-ASICS-Unisex-Casual-Shoes-541742189848560-1.jpg,5109,6999,27%,Myntra
Men Trail Scout 3 Running,https://myntr.it/PfHnC0b,https://assets.myntassets.com/dpr_2q_60w_210c_limitfl_progressive/assets/images/29913374/2025/2/21/7bf4eab3-1539-48aa-b452-e046f570c51c1740128995932-ASICS-Men-Sports-Shoes-4251740128995477-1.jpg,4069,5499,26%,Myntra
Men JOLT 4 Running Shoes,https://myntr.it/wiNZliW,https://assets.myntassets.com/dpr_2q_60w_210c_limitfl_progressive/assets/images/29913385/2025/4/24/2d45108b-5762-45f2-be02-2aa041013c521745469464088-ASICS-Men-Sports-Shoes-4981745469463761-1.jpg,3549,4999,29%,Myntra
Men Gel-100 Not Out Shoes,https://myntr.it/c21nk1m,https://assets.myntassets.com/dpr_2q_60w_210c_limitfl_progressive/assets/images/29913389/2024/9/5/96ad4f35-8cc3-47d4-9575-1965aef08bbe1725519898275-ASICS-Men-Sports-Shoes-8091725519897971-1.jpg,6299,8999,30%,Myntra
GEL-EASE Men Sports Shoes,https://myntr.it/ndTYogJ,https://assets.myntassets.com/dpr_2q_60w_210c_limitfl_progressive/assets/images/30139139/2024/7/6/9523ff9a-962b-4ed5-93df-decb61d325e01720248952093ASICSGEL-EASEMenTexturedRunningSportsShoes1.jpg,3149,6999,55%,Myntra
GEL-GULLY 7 Sports Shoes,https://myntr.it/PtGuwHo,https://assets.myntassets.com/dpr_2q_60w_210c_limitfl_progressive/assets/images/30166472/2024/7/10/36181a7e-8ac6-4826-aba5-3806c75111a71720593443773ASICSGEL-GULLY7MenCricketSportsShoes1.jpg,9599,11999,20%,Myntra
Speed Menace Ff Sports Shoes,https://myntr.it/wi5t2By,https://assets.myntassets.com/dpr_2q_60w_210c_limitfl_progressive/assets/images/30166474/2024/7/10/2a4fb99c-6c51-4c8d-9b24-210bcfa1c8551720593430720ASICSSPEEDMENACEFFMenCricketSportsShoes1.jpg,8959,15999,44%,Myntra
Men Jolt 5 Running Shoes,https://myntr.it/QZ7gDOJ,https://assets.myntassets.com/dpr_2q_60w_210c_limitfl_progressive/assets/images/32283897/2025/5/15/f8a3651d-ca86-48da-9ba1-b2782443cf4b1747296159884-ASICS-Men-Sports-Shoes-5431747296159533-1.jpg,4069,5499,26%,Myntra
Men Gel-Venture 10 Run Shoes,https://myntr.it/1ReUIAx,https://assets.myntassets.com/dpr_2q_60w_210c_limitfl_progressive/assets/images/32283901/2025/7/28/53de9534-4ce2-4dc3-93b6-83bd8234cdc21753683202204-ASICS-Men-Sports-Shoes-1531753683201975-4.jpg,4679,6499,28%,Myntra
Men Jolt 5 Running Shoes,https://myntr.it/Tzayuea,https://assets.myntassets.com/dpr_2q_60w_210c_limitfl_progressive/assets/images/32283904/2025/7/15/e79e35a8-5ce8-4d3f-9da1-33f235cd35c11752567323570-ASICS-Men-Sports-Shoes-8751752567323187-1.jpg,4069,5499,26%,Myntra
Men Gel-Venture 10 Run Shoes,https://myntr.it/T753onZ,https://assets.myntassets.com/dpr_2q_60w_210c_limitfl_progressive/assets/images/32283905/2025/7/28/d429dec1-38a1-47b0-8070-d39605e527961753685889800-ASICS-Men-Sports-Shoes-5651753685889455-1.jpg,4354,6499,33%,Myntra
Men Court Reflex Tennis Shoes,https://myntr.it/h6EHHLa,https://assets.myntassets.com/dpr_2q_60w_210c_limitfl_progressive/assets/images/32283911/2025/7/15/8e65d082-a10e-4eb7-939d-83a1806d05111752563473599-ASICS-Men-Sports-Shoes-1951752563473255-1.jpg,4259,5999,29%,Myntra
Men Jolt 4 Running Shoes,https://myntr.it/9RK4Gaq,https://assets.myntassets.com/dpr_2q_60w_210c_limitfl_progressive/assets/images/32283919/2025/5/15/26ebec4a-5e09-4ada-8094-77dc635a542c1747300847359-ASICS-Men-Sports-Shoes-7461747300847024-1.jpg,,,,Myntra
Men Jolt 5 Running Shoes,https://myntr.it/jXkyhT0,https://assets.myntassets.com/dpr_2q_60w_210c_limitfl_progressive/assets/images/32283920/2025/5/15/1485c00c-17d7-4670-86e0-d349b3f502d21747290326232-ASICS-Men-Sports-Shoes-541747290325845-1.jpg,3904,5499,29%,Myntra
Men Running Shoes,https://myntr.it/Xlh8Tg1,https://assets.myntassets.com/dpr_2q_60w_210c_limitfl_progressive/assets/images/32283926/2025/2/20/077d891c-9796-4e18-bd18-74a90016f63b1740048808606-ASICS-Men-Running-Non-Marking-Shoes-6111740048808256-2.jpg,4259,5999,29%,Myntra
Men Jolt 5 Running Shoes,https://myntr.it/cpqG0Nj,https://assets.myntassets.com/dpr_2q_60w_210c_limitfl_progressive/assets/images/32283938/2025/5/15/3b85276d-736e-4937-8fed-9f7e52c9b2341747290551071-ASICS-Men-Sports-Shoes-7221747290550700-1.jpg,4069,5499,26%,Myntra
Men Court Reflex Tennis Shoes,https://myntr.it/5xWn2Qi,https://assets.myntassets.com/dpr_2q_60w_210c_limitfl_progressive/assets/images/32283940/2025/7/15/310be145-ef9e-4040-84ca-7bdc483ed3241752563485289-ASICS-Men-Sports-Shoes-6111752563484912-1.jpg,4259,5999,29%,Myntra
Men Gel-Sonoma 8 Running Shoes,https://myntr.it/oyRluj0,https://assets.myntassets.com/dpr_2q_60w_210c_limitfl_progressive/assets/images/32283948/2025/5/15/8dd539db-6b41-4b80-b774-2c01ab1340701747300934215-ASICS-Men-Sports-Shoes-2551747300933869-1.jpg,6749,8999,25%,Myntra
Men Gel-Venture 10 Run Shoes,https://myntr.it/mB705o8,https://assets.myntassets.com/dpr_2q_60w_210c_limitfl_progressive/assets/images/32283953/2025/8/6/a6546242-893d-4231-a1b4-e1b54f4a40491754457417860-ASICS-Men-Sports-Shoes-2761754457417521-1.jpg,4549,6499,30%,Myntra
Men Gel-Contend 9 Run Shoes,https://myntr.it/DVh0jLl,https://assets.myntassets.com/dpr_2q_60w_210c_limitfl_progressive/assets/images/32283954/2025/5/15/7160a917-9729-4d63-b569-c7c6537427151747304747996-ASICS-Men-Woven-Design-Gel-Contend-9-Running-Shoes-771174730-1.jpg,4259,5999,29%,Myntra
Men Gel-Venture 10 Run Shoes,https://myntr.it/mdAwnmf,https://assets.myntassets.com/dpr_2q_60w_210c_limitfl_progressive/assets/images/32283958/2025/7/28/0751b8ce-9242-41a5-929e-25b45d4e4dae1753685966866-ASICS-Men-Sports-Shoes-5291753685966504-1.jpg,4354,6499,33%,Myntra
Men Running Shoes,https://myntr.it/tr68szJ,https://assets.myntassets.com/dpr_2q_60w_210c_limitfl_progressive/assets/images/32283966/2025/1/23/e2129070-0e6f-4219-88b0-2ab3cbcfaaa51737629512238-ASICS-Men-Sports-Shoes-2381737629511885-1.jpg,7199,8999,20%,Myntra
Men Jolt 5 Running Shoes,https://myntr.it/ir1fLoo,https://assets.myntassets.com/dpr_2q_60w_210c_limitfl_progressive/assets/images/32283967/2025/5/15/9d771fa2-c34d-492c-8447-c5da1bcb12551747293962926-ASICS-Men-Sports-Shoes-5421747293962627-1.jpg,4069,5499,26%,Myntra
Men JOG 100S Running Shoes,https://myntr.it/EWBsajv,https://assets.myntassets.com/dpr_2q_60w_210c_limitfl_progressive/assets/images/32284228/2025/4/24/069724d6-8c6b-4f3b-b18f-9a468cb661c21745470645107-ASICS-Men-Casual-Shoes-4801745470644793-1.jpg,5999,7999,25%,Myntra
Men JOG 100S Running Shoes,https://myntr.it/2wFddnM,https://assets.myntassets.com/dpr_2q_60w_210c_limitfl_progressive/assets/images/32284238/2025/4/24/f193295a-212f-4f38-9f82-9b4efedeba7b1745471451886-ASICS-Men-Casual-Shoes-1031745471451497-1.jpg,5999,7999,25%,Myntra
Unisex Tiger Runner II Shoes,https://myntr.it/FuSdZk8,https://assets.myntassets.com/dpr_2q_60w_210c_limitfl_progressive/assets/images/32284257/2025/7/11/4f115e41-ed7d-41c8-8c49-1ca3a4d348511752219039337-ASICS-Unisex-Casual-Shoes-3281752219039039-1.jpg,4549,6999,35%,Myntra
Men Lyte Classic Suede Shoes,https://myntr.it/UMxRYV4,https://assets.myntassets.com/dpr_2q_60w_210c_limitfl_progressive/assets/images/32284260/2025/7/18/76b2e7c3-230b-4ab9-90fb-cfb5e32a6a7d1752817774158-ASICS-Unisex-Casual-Shoes-9941752817773819-1.jpg,4639,7999,42%,Myntra
Men Gel-Trabuco Running Shoes,https://myntr.it/4o5CZu2,https://assets.myntassets.com/dpr_2q_60w_210c_limitfl_progressive/assets/images/34642193/2025/8/6/db89958b-0c7a-4bc3-9c0e-5fc7bc0d50611754456986139-ASICS-Men-Sports-Shoes-1411754456985843-1.jpg,8839,12999,32%,Myntra
Men GEL-CONTEND 9 Run Shoes,https://myntr.it/KpUzJhu,https://assets.myntassets.com/dpr_2q_60w_210c_limitfl_progressive/assets/images/34642202/2025/7/15/0ca33b93-5d47-4b7b-8d11-4c6b72171d021752554001084-ASICS-Men-Sports-Shoes-6481752554000727-1.jpg,4259,5999,29%,Myntra
Men PATRIOT 13 Running Shoes,https://myntr.it/6qUgj87,https://assets.myntassets.com/dpr_2q_60w_210c_limitfl_progressive/assets/images/34642212/2025/7/15/f262185f-9096-4ecd-9b57-d1d3948790e31752554022481-ASICS-Men-Sports-Shoes-6051752554022114-1.jpg,3904,5499,29%,Myntra
Men Trail Scout Running Shoes,https://myntr.it/bYFmh08,https://assets.myntassets.com/dpr_2q_60w_210c_limitfl_progressive/assets/images/34642215/2025/8/6/213865d1-11dc-4aed-a3d6-96ada6537d001754457185918-ASICS-Men-Sports-Shoes-1311754457185572-1.jpg,3904,5499,29%,Myntra
Men Jog 100S Running Shoes,https://myntr.it/08jW96w,https://assets.myntassets.com/dpr_2q_60w_210c_limitfl_progressive/assets/images/34642280/2025/7/15/c089c48c-6e05-4250-bd59-da3262d512d71752579513694-ASICS-Unisex-Casual-Shoes-2461752579513350-1.jpg,5999,7999,25%,Myntra
Men Jolt 5 Running Shoes,https://myntr.it/N9eq1T3,https://assets.myntassets.com/dpr_2q_60w_210c_limitfl_progressive/assets/images/34800072/2025/8/7/4bad4024-5207-4c46-aa4d-d824c1603d9d1754548435198-ASICS-Men-Sports-Shoes-4831754548434803-1.jpg,3904,5499,29%,Myntra
Men Jolt5  Running Shoes,https://myntr.it/8vIAoo1,https://assets.myntassets.com/dpr_2q_60w_210c_limitfl_progressive/assets/images/34800076/2025/8/6/a0339bf0-874e-4c26-a54b-2944d16b48c51754454578520-ASICS-Men-Sports-Shoes-6241754454578142-1.jpg,3904,5499,29%,Myntra
Men Running Shoes,https://myntr.it/ZEKfgr0,https://assets.myntassets.com/dpr_2q_60w_210c_limitfl_progressive/assets/images/productimage/2021/6/1/aa148e11-267d-424d-9135-633bb1de90171622560874368-1.jpg,2499,4999,50%,Myntra
